Seq;Md;Inc;Azi;Tvd
1;0;0;0;0
2;373.2;0;0;373.2
3;386.5;0.36;352.67;386.5
4;395.9;0.48;16.26;395.9
5;406.4;0.26;328.9;406.4
6;421.6;0.29;112.08;421.6
7;466.2;0.34;0.75;466.2
8;493.9;2.94;86.2;493.89
9;523.3;6.28;84.93;523.19
10;551.3;8.53;84.07;550.95
11;579.3;9.9;85.81;578.59
12;608.1;9.47;96.02;606.98
13;636.5;10.58;113.61;634.95
14;664.8;12.48;127.24;662.69
15;690.3;14.18;140.3;687.5
16;719.5;16.16;152.53;715.69
17;748.5;17.91;164.33;743.43
18;776.6;20.85;169.62;769.94
19;801.1;22.93;170.25;792.67
20;825.2;22.59;169.02;814.89
21;856.6;25.15;170.67;843.6
22;885;29.66;173.34;868.81
23;914;33.78;175.92;893.47
24;942.8;37.23;177.71;916.92
25;969.3;40.53;178.89;937.54
26;998.7;43.94;180.69;959.31
27;1027;46.93;181.78;979.17
28;1055.2;50.17;181.16;997.83
29;1084.1;53.08;180.92;1015.77
30;1111.1;54.95;184.33;1031.64
31;1138.9;55.04;189.85;1047.59
32;1167.3;55;193.4;1063.88
33;1196.4;55.02;194.93;1080.56
34;1223.8;55;198.14;1096.28
35;1252.5;55.02;202.75;1112.74
36;1281.8;55.04;207.08;1129.54
37;1310.4;55.02;212.09;1145.94
38;1338.3;55.02;216.49;1161.94
39;1366.9;55.03;222.05;1178.34
40;1394.8;55.04;226.31;1194.34
41;1424.2;55.05;230.25;1211.19
42;1452.3;55.07;235;1227.29
43;1479.1;55.04;238.78;1242.64
44;1508.5;55.01;242.67;1259.5
45;1537.8;55.07;246.48;1276.29
46;1565.2;55.04;249.91;1291.99
47;1593.1;55.03;254.81;1307.98
48;1620.4;55.04;258.25;1323.63
49;1630;56.11;256.04;1329.06
50;1640;56.69;256.16;1334.59
51;1650;57.32;256.58;1340.04
52;1660;57.76;257.75;1345.41
53;1670;58.6;258.74;1350.68
54;1680;58.77;259.8;1355.88
55;1690;58.95;260.87;1361.05
56;1700;59.14;262.39;1366.19
57;1710;59.2;263.93;1371.32
58;1720;59.25;265.24;1376.43
59;1730;59.35;266.64;1381.54
60;1740;59.59;268.13;1386.62
61;1750;59.69;269.7;1391.67
62;1760;59.8;271.27;1396.71
63;1770;60.06;272.57;1401.72
64;1780;60.3;273.83;1406.7
65;1790;60.68;275.03;1411.62
66;1800;61.15;276.29;1416.48
67;1810;61.53;277.73;1421.28
68;1820;61.91;278.98;1426.02
69;1830;62.31;280.51;1430.7
70;1840;62.66;281.81;1435.32
71;1850;63.17;283.1;1439.87
72;1860;63.5;284.44;1444.36
73;1870;63.83;286.04;1448.79
74;1880;64.45;287.53;1453.16
75;1890;65.13;288.7;1457.41
76;1900;65.61;290;1461.58
77;1910;66.12;291.44;1465.67
78;1920;66.34;292.79;1469.7
79;1930;66.69;294.21;1473.69
80;1940;66.88;295.53;1477.63
81;1950;66.84;296.86;1481.56
82;1960;67;297.89;1485.48
83;1970;67.58;299.06;1489.34
84;1980;68.15;300.17;1493.11
85;1990;68.6;301.37;1496.79
86;2000;69.08;302.66;1500.4
87;2010;69.66;303.58;1503.93
88;2020;69.79;304.46;1507.39
89;2030;70.02;305.36;1510.83
90;2040;70.56;306.31;1514.2
91;2050;71.24;307.12;1517.47
92;2060;71.91;307.86;1520.63
93;2070;72.2;308.76;1523.71
94;2080;72.32;309.81;1526.76
95;2090;72.61;311.08;1529.77
96;2100;73.33;312.43;1532.7
97;2110;74;313.63;1535.52
98;2120;74.6;314.84;1538.22
99;2130;74.76;315.85;1540.86
100;2140;74.72;316.81;1543.5
101;2150;74.95;317.75;1546.11
102;2160;75.3;318.69;1548.68
103;2170;76;319.8;1551.16
104;2180;76.65;320.82;1553.52
105;2190;77.14;321.89;1555.79
106;2200;77.54;322.92;1557.98
107;2210;78.13;323.79;1560.09
108;2220;78.43;324.83;1562.12
109;2230;79.03;325.69;1564.07
110;2240;79.8;326.8;1565.91
111;2250;80.18;327.81;1567.65
112;2260;80.68;328.47;1569.31
113;2270;81.47;329.09;1570.86
114;2303.1;82.38;331.38;1575.51
115;2330.2;84.84;333.38;1578.53
116;2357.7;87.21;334.25;1580.44
117;2385;87.2;334.8;1581.77
118;2411.8;87.22;334.67;1583.07
119;2439.2;88.71;334.67;1584.04
120;2466.5;89.75;335.49;1584.41
121;2493.8;89.75;336.15;1584.53
122;2521.4;90.95;337.52;1584.36
123;2549;91.99;339.4;1583.65
124;2552;91.9;339.6;1583.55
125;2555;91.56;339.81;1583.46
126;2558;91.29;340.01;1583.39
127;2561;91.13;340.22;1583.32
128;2565.3;91.04;340.51;1583.24
129;2569;90.6;340.63;1583.19
130;2572;90.41;340.72;1583.16
131;2575;90.05;340.82;1583.15
132;2578.1;90.02;340.92;1583.15
133;2582;90;341.13;1583.15
134;2585;90;341.28;1583.15
135;2588;89.98;341.44;1583.15
136;2591;89.99;341.6;1583.15
137;2594;89.96;341.76;1583.15
138;2597;89.97;341.92;1583.15
139;2603;90.12;342.23;1583.15
140;2606.9;90.37;342.44;1583.13
141;2610;90.61;342.64;1583.11
142;2613;90.83;342.83;1583.07
143;2616;90.88;343.02;1583.02
144;2619;90.9;343.21;1582.98
145;2622;90.88;343.4;1582.93
146;2625;90.86;343.59;1582.88
147;2628;90.79;343.78;1582.84
148;2631;90.32;343.97;1582.81
149;2635.8;90.02;344.28;1582.8
150;2639;89.94;344.47;1582.8
151;2642;89.97;344.65;1582.8
152;2645;89.99;344.82;1582.8
153;2648;90;345;1582.8
154;2651;89.97;345.18;1582.8
155;2654;90;345.36;1582.8
156;2657;89.94;345.53;1582.81
157;2660;89.99;345.71;1582.81
158;2664.7;89.99;345.99;1582.81
159;2668;90;346.16;1582.81
160;2671;89.97;346.31;1582.81
161;2674;89.97;346.46;1582.81
162;2677;89.98;346.61;1582.81
163;2680;89.98;346.77;1582.81
164;2683;89.98;346.92;1582.81
165;2686;89.99;347.07;1582.81
166;2689;90.24;347.22;1582.81
167;2693.3;90.44;347.44;1582.78
168;2697;90.47;347.66;1582.75
169;2700;90.55;347.84;1582.73
170;2703;90.51;348.02;1582.7
171;2706;90.49;348.2;1582.67
172;2709;90.46;348.37;1582.65
173;2712;90.36;348.55;1582.63
174;2715;90.16;348.73;1582.61
175;2718;90.15;348.91;1582.61
176;2722.4;90.13;349.17;1582.59
177;2729;90.16;349.6;1582.58
178;2732;90.17;349.8;1582.57
179;2735;90.22;349.99;1582.56
180;2738;90.16;350.19;1582.55
181;2741;90.17;350.38;1582.54
182;2747;90.13;350.77;1582.52
183;2752;90.15;351.1;1582.51
184;2755;90.18;351.29;1582.5
185;2758;90.19;351.48;1582.49
186;2761;90.19;351.66;1582.48
187;2764;90.42;351.85;1582.47
188;2767;90.34;352.04;1582.45
189;2770;90.36;352.23;1582.43
190;2773;90.21;352.42;1582.41
191;2776;90.19;352.6;1582.4
192;2780.9;90.14;352.91;1582.39
193;2784;90.18;353.2;1582.38
194;2787;90.18;353.48;1582.37
195;2790;90.28;353.76;1582.36
196;2793;90.17;354.04;1582.35
197;2796;90.1;354.33;1582.34
198;2799;90.2;354.61;1582.33
199;2802;90.22;354.89;1582.32
200;2805;90.35;355.17;1582.31
201;2809.9;90.35;355.63;1582.28
202;2813;90.3;355.79;1582.26
203;2816;90.35;355.94;1582.24
204;2819;90.36;356.1;1582.22
205;2822;90.32;356.25;1582.21
206;2825;90.37;356.4;1582.19
207;2828;90.3;356.56;1582.17
208;2831;90.05;356.71;1582.16
209;2834;89.84;356.86;1582.16
210;2838.4;89.43;357.09;1582.19
211;2842;89.08;357.26;1582.24
212;2845;88.69;357.41;1582.3
213;2848;88.47;357.55;1582.37
214;2851;88.21;357.69;1582.46
215;2854;87.91;357.84;1582.56
216;2857;87.61;357.98;1582.68
217;2860;87.28;358.12;1582.81
218;2863;87.01;358.27;1582.96
219;2866.8;86.67;358.45;1583.17
220;2870;86.57;358.69;1583.36
221;2873;86.55;358.91;1583.54
222;2876;86.59;359.13;1583.72
223;2879;86.55;359.35;1583.9
224;2882;86.52;-0.43;1584.08
225;2885;86.64;-0.21;1584.26
226;2888;86.72;0.01;1584.43
227;2891;86.84;0.23;1584.6
228;2895.9;87.23;0.59;1584.85
229;2899;87.4;0.84;1585
230;2902;87.58;1.09;1585.13
231;2905;87.92;1.34;1585.25
232;2908;88.15;1.58;1585.35
233;2911;88.48;1.83;1585.44
234;2914;88.76;2.07;1585.51
235;2917;89.03;2.32;1585.57
236;2920;89.19;2.57;1585.62
237;2925.3;89.72;3;1585.67
238;2932;90.18;3.83;1585.67
239;2935;90.35;4.2;1585.66
240;2938;90.53;4.57;1585.64
241;2941;90.74;4.95;1585.6
242;2944;90.92;5.32;1585.56
243;2947;91.2;5.69;1585.5
244;2950;91.43;6.06;1585.43
245;2954.8;91.75;6.66;1585.3
246;2958;91.99;7.05;1585.2
247;2961;92.18;7.42;1585.09
248;2964;92.37;7.8;1584.97
249;2967;92.5;8.17;1584.84
250;2970;92.7;8.54;1584.71
251;2982.8;92.67;10.13;1584.11
252;2986;92.71;10.41;1583.96
253;2989;92.69;10.67;1583.81
254;2992;92.65;10.93;1583.67
255;2995;92.33;11.19;1583.54
256;2998;92.06;11.45;1583.43
257;3001;91.96;11.71;1583.32
258;3004;91.92;11.97;1583.22
259;3007;91.93;12.23;1583.12
260;3012.9;91.94;12.74;1582.92
261;3016;91.95;12.95;1582.82
262;3019;91.94;13.15;1582.72
263;3022;91.93;13.36;1582.61
264;3025;91.92;13.56;1582.51
265;3031;91.51;13.97;1582.33
266;3034;91.15;14.17;1582.26
267;3037;90.92;14.38;1582.21
268;3040.9;90.43;14.64;1582.16
269;3044;90.35;14.86;1582.14
270;3047;90.35;15.07;1582.12
271;3050;90.31;15.27;1582.11
272;3053;90.33;15.48;1582.09
273;3056;90.34;15.69;1582.07
274;3059;90.35;15.9;1582.05
275;3062;90.35;16.11;1582.04
276;3065;90.33;16.32;1582.02
277;3070;90.39;16.67;1581.99
278;3073;90.3;16.89;1581.97
279;3076;90.35;17.12;1581.95
280;3079;90.29;17.34;1581.94
281;3082;90.36;17.57;1581.92
282;3085;90.32;17.79;1581.9
283;3088;90.49;18.01;1581.88
284;3091;90.6;18.24;1581.85
285;3094;90.8;18.46;1581.81
286;3097;90.96;18.68;1581.77
287;3100;91.12;18.91;1581.71
288;3103;91.07;19.13;1581.66
289;3106;91.18;19.36;1581.6
290;3109;91.53;19.58;1581.53
291;3112;91.64;19.8;1581.44
292;3115;91.72;20.03;1581.36
293;3118;91.92;20.25;1581.26
294;3121;91.95;20.48;1581.16
295;3124;91.99;20.7;1581.06
296;3129.1;91.93;21.08;1580.88
297;3133;91.96;21.49;1580.75
298;3136;91.92;21.8;1580.65
299;3139;91.88;22.12;1580.55
300;3145;91.91;22.75;1580.35
301;3148;91.9;23.06;1580.25
302;3151;91.96;23.38;1580.15
303;3158.1;92.01;24.12;1579.9
304;3162;91.61;24.3;1579.78
305;3165;91.41;24.43;1579.7
306;3168;91.04;24.57;1579.64
307;3171;90.81;24.7;1579.59
308;3174;90.35;24.84;1579.56
309;3177;90.06;24.97;1579.55
310;3180;90.02;25.11;1579.55
311;3183;89.93;25.24;1579.55
312;3187.2;90.01;25.43;1579.55
313;3191;89.97;25.72;1579.55
314;3194;89.94;25.95;1579.55
315;3200;89.55;26.41;1579.58
316;3203;89.05;26.64;1579.61
317;3206;88.71;26.87;1579.67
318;3209;88.38;27.1;1579.75
319;3212;88.1;27.33;1579.84
320;3216.2;88.09;27.65;1579.98
321;3220;87.93;27.74;1580.11
322;3223;87.97;27.81;1580.22
323;3226;87.96;27.88;1580.33
324;3229;87.9;27.95;1580.44
325;3232;87.96;28.02;1580.54
326;3235;87.92;28.09;1580.65
327;3238;88.1;28.16;1580.76
328;3241;88.26;28.23;1580.85
329;3245.1;88.63;28.33;1580.96
330;3249;88.97;28.58;1581.04
331;3252;89.24;28.77;1581.09
332;3255;89.46;28.96;1581.13
333;3261;89.74;29.34;1581.17
334;3264;89.9;29.53;1581.18
335;3267;89.97;29.72;1581.18
336;3270;89.91;29.91;1581.18
337;3274;89.99;30.16;1581.19
338;3277;90.15;29.98;1581.18
339;3280;90.29;29.81;1581.17
340;3283;90.25;29.63;1581.16
341;3292;90.34;29.1;1581.11
342;3295;90.52;28.92;1581.09
343;3298;90.84;28.74;1581.05
344;3303.1;91.19;28.44;1580.96
345;3307;91.57;28.71;1580.87
346;3310;91.75;28.93;1580.78
347;3313;91.9;29.14;1580.69
348;3316;91.94;29.35;1580.59
349;3319;91.93;29.56;1580.48
350;3325;91.72;29.98;1580.29
351;3328;91.26;30.19;1580.22
352;3332.1;90.92;30.48;1580.14
353;3336;90.36;30.47;1580.09
354;3339;90.08;30.47;1580.08
355;3342;90.03;30.46;1580.08
356;3345;90.04;30.46;1580.08
357;3348;90.01;30.45;1580.08
358;3351;89.97;30.45;1580.08
359;3354;90.01;30.44;1580.08
360;3357;89.98;30.44;1580.08
361;3361.2;89.95;30.43;1580.08
362;3365;90.03;30.41;1580.08
363;3368;90.01;30.39;1580.08
364;3371;89.99;30.38;1580.08
365;3374;90.02;30.36;1580.08
366;3377;90.03;30.35;1580.08
367;3380;90.03;30.33;1580.08
368;3383;90;30.32;1580.08
369;3386;89.99;30.3;1580.08
370;3390.2;90.02;30.28;1580.08
371;3394;90.04;30.37;1580.07
372;3397;90.04;30.45;1580.07
373;3400;90;30.52;1580.07
374;3403;90.07;30.59;1580.07
375;3406;90.03;30.67;1580.07
376;3409;90.02;30.74;1580.06
377;3412;89.99;30.81;1580.06
378;3415;90;30.89;1580.06
379;3419.3;89.96;30.99;1580.07
380;3423;89.99;30.83;1580.07
381;3426;89.98;30.7;1580.07
382;3429;89.98;30.57;1580.07
383;3432;90;30.44;1580.07
384;3435;89.96;30.31;1580.07
385;3438;89.98;30.18;1580.07
386;3441;89.99;30.05;1580.07
387;3444;90.01;29.93;1580.07
388;3448.3;89.95;29.74;1580.08
389;3452;89.99;29.47;1580.08
390;3455;90;29.24;1580.08
391;3458;90.02;29.02;1580.08
392;3461;90;28.8;1580.08
393;3464;89.96;28.58;1580.08
394;3467;90.04;28.35;1580.08
395;3470;89.97;28.13;1580.08
396;3473;90;27.91;1580.08
397;3477.3;89.97;27.59;1580.08
398;3481;90;27.34;1580.08
399;3484;90.02;27.13;1580.08
400;3490;89.96;26.72;1580.08
401;3493;90.02;26.52;1580.08
402;3496;89.99;26.31;1580.08
403;3499;89.98;26.11;1580.08
404;3502;89.97;25.9;1580.08
405;3506.4;89.99;25.6;1580.08
406;3510;89.99;25.17;1580.08
407;3513;90.01;24.81;1580.08
408;3516;89.97;24.46;1580.09
409;3519;89.95;24.1;1580.09
410;3522;89.98;23.74;1580.09
411;3525;89.9;23.39;1580.09
412;3528;89.99;23.03;1580.1
413;3531;90;22.67;1580.1
414;3535.4;89.94;22.15;1580.1
415;3539;90;21.79;1580.1
416;3542;89.98;21.49;1580.1
417;3545;90.04;21.19;1580.1
418;3548;89.93;20.89;1580.1
419;3551;90;20.59;1580.1
420;3554;89.96;20.29;1580.1
421;3557;89.95;19.99;1580.11
422;3560;90;19.69;1580.11
423;3564.5;89.97;19.24;1580.11
424;3568;90;18.97;1580.11
425;3571;89.97;18.74;1580.11
426;3574;89.96;18.52;1580.11
427;3580;89.99;18.06;1580.11
428;3583;89.95;17.83;1580.12
429;3586;89.95;17.6;1580.12
430;3589;89.97;17.37;1580.12
431;3593.5;89.97;17.03;1580.12
432;3597;90.01;16.79;1580.12
433;3600;90;16.58;1580.12
434;3603;90.07;16.37;1580.12
435;3609;90.26;15.96;1580.1
436;3612;90.44;15.75;1580.09
437;3615;90.52;15.54;1580.06
438;3618;90.6;15.34;1580.03
439;3622.6;90.49;15.02;1579.99
440;3626;90.54;14.8;1579.96
441;3629;90.5;14.61;1579.93
442;3632;90.55;14.42;1579.9
443;3635;90.52;14.23;1579.87
444;3638;90.55;14.04;1579.85
445;3641;90.53;13.85;1579.82
446;3644;90.51;13.65;1579.79
447;3647;90.55;13.46;1579.76
448;3651.6;90.55;13.17;1579.72
449;3655;90.54;13.04;1579.69
450;3658;90.52;12.93;1579.66
451;3661;90.54;12.81;1579.63
452;3664;90.56;12.7;1579.6
453;3670;90.54;12.47;1579.54
454;3676;90.46;12.24;1579.49
455;3680.8;90.47;12.06;1579.45
456;3684;90.46;11.82;1579.43
457;3687;90.48;11.6;1579.4
458;3690;90.49;11.38;1579.38
459;3693;90.53;11.15;1579.35
460;3696;90.47;10.93;1579.32
461;3702;90.27;10.49;1579.29
462;3705;90.18;10.26;1579.27
463;3709.9;90.18;9.9;1579.26
464;3713;90.13;9.82;1579.25
465;3716;90.12;9.75;1579.24
466;3719;90.1;9.67;1579.24
467;3722;90.12;9.6;1579.23
468;3725;90.1;9.52;1579.23
469;3728;90.08;9.44;1579.22
470;3731;90.08;9.37;1579.22
471;3734;90.09;9.29;1579.21
472;3738.9;90.13;9.17;1579.2
473;3742;90.15;8.87;1579.2
474;3745;90.18;8.58;1579.19
475;3748;90.12;8.29;1579.18
476;3751;90.14;8.01;1579.17
477;3754;90.18;7.72;1579.16
478;3757;90.2;7.43;1579.15
479;3760;90.1;7.14;1579.15
480;3763;90.15;6.85;1579.14
481;3767.9;90.11;6.38;1579.13
482;3777;90.02;5.96;1579.12
483;3780;89.92;5.82;1579.12
484;3783;89.96;5.68;1579.12
485;3786;90;5.54;1579.12
486;3789;89.95;5.4;1579.13
487;3792;89.99;5.26;1579.13
488;3796.4;89.94;5.05;1579.13
489;3800;89.89;4.72;1579.14
490;3803;90.07;4.44;1579.14
491;3806;90.03;4.16;1579.13
492;3809;89.98;3.88;1579.13
493;3812;90.04;3.6;1579.13
494;3815;89.93;3.32;1579.13
495;3818;89.92;3.04;1579.14
496;3821;89.97;2.77;1579.14
497;3825.9;89.96;2.31;1579.14
498;3829;89.99;2.13;1579.15
499;3832;90;1.95;1579.15
500;3835;90.03;1.77;1579.14
501;3838;90.01;1.59;1579.14
502;3841;90.01;1.41;1579.14
503;3844;90.08;1.23;1579.14
504;3847;90.2;1.06;1579.13
505;3850;90.17;0.88;1579.12
506;3855;90.31;0.58;1579.1
507;3858;90.28;0.35;1579.09
508;3864;90.3;-0.12;1579.06
509;3867;90.34;-0.36;1579.04
510;3870;90.32;359.41;1579.02
511;3873;90.39;359.17;1579
512;3876;90.3;358.94;1578.99
513;3879;90.38;358.7;1578.97
514;3884;90.32;358.31;1578.94
515;3887;90.31;358.05;1578.92
516;3890;90.33;357.8;1578.9
517;3893;90.31;357.54;1578.89
518;3899;90.32;357.03;1578.85
519;3902;90.34;356.77;1578.84
520;3905;90.32;356.51;1578.82
521;3908;90.33;356.26;1578.8
522;3913;90.37;355.83;1578.77
523;3916;90.31;355.59;1578.75
524;3919;90.32;355.36;1578.74
525;3922;90.33;355.12;1578.72
526;3928;90.33;354.65;1578.69
527;3931;90.29;354.41;1578.67
528;3934;90.16;354.18;1578.66
529;3937;90.12;353.94;1578.65
530;3942.1;90.14;353.54;1578.64
531;3946;90.17;353.33;1578.63
532;3949;90.15;353.17;1578.62
533;3952;90.13;353.01;1578.61
534;3958;90.13;352.69;1578.6
535;3961;90.17;352.53;1578.59
536;3971.2;90.16;351.99;1578.56
537;3975;90.15;351.86;1578.55
538;3978;90.15;351.75;1578.54
539;3981;90.15;351.65;1578.54
540;3984;90.14;351.54;1578.53
541;3987;90.19;351.44;1578.52
542;3990;90.38;351.34;1578.51
543;3993;90.47;351.23;1578.48
544;3996;90.51;351.13;1578.46
545;4000.2;90.49;350.98;1578.42
546;4004;90.43;350.92;1578.39
547;4007;90.45;350.87;1578.37
548;4010;90.37;350.82;1578.35
549;4013;90.17;350.77;1578.33
550;4016;89.96;350.72;1578.33
551;4019;89.61;350.68;1578.34
552;4022;89.52;350.63;1578.36
553;4025;89.52;350.58;1578.39
554;4029.3;89.44;350.51;1578.43
555;4033;89.44;350.65;1578.46
556;4036;89.66;350.75;1578.49
557;4039;89.89;350.86;1578.5
558;4042;89.96;350.97;1578.5
559;4045;90.03;351.08;1578.5
560;4048;89.98;351.19;1578.5
561;4051;89.94;351.3;1578.5
562;4054;89.98;351.41;1578.51
563;4058.3;89.98;351.57;1578.51
564;4062;89.96;351.65;1578.51
565;4065;89.94;351.72;1578.51
566;4068;89.95;351.79;1578.52
567;4071;89.95;351.86;1578.52
568;4074;89.59;351.93;1578.53
569;4077;89.36;352;1578.56
570;4080;89.04;352.06;1578.6
571;4083;88.92;352.13;1578.65
572;4087.3;88.92;352.23;1578.73
573;4091;89.06;352.27;1578.8
574;4094;89.72;352.31;1578.83
575;4100;89.83;352.38;1578.85
576;4103;89.92;352.41;1578.86
577;4106;89.99;352.44;1578.86
578;4109;90.07;352.48;1578.86
579;4112;90.02;352.51;1578.86
580;4115.2;90.04;352.55;1578.86
581;4119;89.93;352.57;1578.86
582;4122;89.96;352.58;1578.86
583;4125;89.95;352.59;1578.86
584;4128;89.93;352.61;1578.87
585;4131;89.94;352.62;1578.87
586;4134;89.99;352.63;1578.87
587;4137;89.96;352.64;1578.87
588;4140;90;352.66;1578.87
589;4145.2;89.98;352.68;1578.88
590;4149;89.99;352.77;1578.88
591;4152;90;352.85;1578.88
592;4155;89.97;352.92;1578.88
593;4158;89.95;352.99;1578.88
594;4161;89.97;353.07;1578.88
595;4164;89.95;353.14;1578.88
596;4170;89.68;353.29;1578.9
597;4174.2;89.62;353.39;1578.93
598;4178;89.57;353.65;1578.96
599;4181;89.57;353.85;1578.98
600;4184;89.56;354.06;1579
601;4187;89.68;354.26;1579.02
602;4190;89.62;354.47;1579.04
603;4193;89.56;354.67;1579.06
604;4196;89.38;354.87;1579.09
605;4199;89.28;355.08;1579.12
606;4203.3;89.25;355.37;1579.18
607;4207;89.26;355.64;1579.23
608;4210;89.27;355.86;1579.27
609;4213;89.26;356.07;1579.3
610;4216;89.25;356.29;1579.34
611;4219;89.24;356.51;1579.38
612;4222;89.26;356.72;1579.42
613;4225;89.27;356.94;1579.46
614;4228;89.32;357.16;1579.5
615;4232.3;89.44;357.47;1579.54
616;4236;89.69;357.69;1579.57
617;4239;89.89;357.86;1579.58
618;4242;89.96;358.04;1579.59
619;4251;89.95;358.57;1579.59
620;4254;89.97;358.75;1579.6
621;4257;90;358.92;1579.6
622;4261.2;90;359.17;1579.6
623;4265;90;359.16;1579.6
624;4268;89.95;359.16;1579.6
625;4271;89.95;359.15;1579.6
626;4274;89.91;359.15;1579.6
627;4277;89.98;359.14;1579.61
628;4280;89.93;359.14;1579.61
629;4283;89.94;359.13;1579.61
630;4286;89.97;359.13;1579.62
631;4290.2;89.96;359.12;1579.62
632;4294;89.95;358.57;1579.62
633;4297;89.98;358.14;1579.62
634;4300;89.95;357.71;1579.62
635;4303;89.96;357.28;1579.63
636;4306;89.95;356.85;1579.63
637;4312;89.78;355.99;1579.64
638;4315;89.76;355.56;1579.66
639;4319.3;89.73;354.94;1579.67
640;4323;89.83;354.54;1579.69
641;4326;89.81;354.21;1579.7
642;4332;89.75;353.56;1579.72
643;4335;89.67;353.23;1579.74
644;4338;89.63;352.9;1579.75
645;4341;89.66;352.58;1579.77
646;4348.3;89.66;351.78;1579.82
647;4352;89.66;351.57;1579.84
648;4355;89.65;351.4;1579.86
649;4358;89.62;351.23;1579.88
650;4364;89.58;350.89;1579.92
651;4370;89.77;350.55;1579.95
652;4373;89.91;350.37;1579.96
653;4377.3;90.01;350.13;1579.96
654;4381;89.94;350.31;1579.96
655;4384;90;350.45;1579.97
656;4387;89.95;350.6;1579.97
657;4390;89.98;350.74;1579.97
658;4393;90.01;350.89;1579.97
659;4396;89.98;351.03;1579.97
660;4399;89.96;351.17;1579.97
661;4402;90.01;351.32;1579.97
662;4406.4;89.93;351.53;1579.97
663;4410;89.96;351.36;1579.98
664;4413;89.92;351.23;1579.98
665;4416;89.98;351.09;1579.98
666;4419;89.98;350.95;1579.98
667;4422;89.96;350.81;1579.99
668;4425;90.01;350.67;1579.99
669;4428;89.98;350.54;1579.99
670;4431;89.96;350.4;1579.99
671;4435.5;90.01;350.19;1579.99
672;4439;89.97;350.2;1579.99
673;4442;89.95;350.2;1579.99
674;4445;89.99;350.21;1579.99
675;4448;90.07;350.22;1579.99
676;4451;89.95;350.22;1579.99
677;4454;90.02;350.23;1579.99
678;4457;89.97;350.23;1579.99
679;4460;89.95;350.24;1580
680;4464.6;90;350.25;1580
681;4468;89.98;350.33;1580
682;4471;89.93;350.41;1580
683;4474;89.96;350.48;1580
684;4477;89.97;350.56;1580.01
685;4480;89.97;350.63;1580.01
686;4483;89.99;350.71;1580.01
687;4486;89.91;350.78;1580.01
688;4489;89.71;350.86;1580.02
689;4493.1;89.35;350.96;1580.05
690;4497;89.24;350.65;1580.1
691;4500;89.22;350.41;1580.14
692;4503;88.95;350.17;1580.19
693;4506;88.68;349.94;1580.25
694;4509;88.33;349.7;1580.33
695;4512;88.04;349.46;1580.43
696;4515;87.99;349.22;1580.53
697;4518;87.99;348.98;1580.63
698;4522.7;88.07;348.61;1580.8
699;4526;88.45;348.59;1580.9
700;4529;88.71;348.56;1580.97
701;4532;89;348.54;1581.03
702;4535;89.18;348.52;1581.08
703;4544;89.12;348.45;1581.21
704;4547;89.06;348.43;1581.26
705;4551.8;89.02;348.39;1581.34
706;4555;88.61;348.09;1581.41
707;4558;88.41;347.8;1581.48
708;4561;88.17;347.51;1581.57
709;4564;88.14;347.23;1581.67
710;4567;88.3;346.94;1581.76
711;4570;88.62;346.66;1581.84
712;4573;88.88;346.37;1581.91
713;4576;89.23;346.09;1581.96
714;4580.9;89.7;345.62;1582
715;4584;89.96;345.37;1582.01
716;4587;90.02;345.13;1582.01
717;4593;89.96;344.65;1582.02
718;4596;90.01;344.41;1582.02
719;4599;90.05;344.17;1582.01
720;4602;90.3;343.93;1582.01
721;4605;90.34;343.69;1581.99
722;4609.9;90.31;343.3;1581.96
723;4613;90.35;343.05;1581.94
724;4616;90.36;342.8;1581.92
725;4619;90.37;342.56;1581.91
726;4622;90.39;342.32;1581.89
727;4625;90.35;342.07;1581.87
728;4628;90.42;341.83;1581.85
729;4631;90.39;341.58;1581.82
730;4634;90.47;341.34;1581.8
731;4638.9;90.88;340.94;1581.74
732;4642;90.88;341.07;1581.7
733;4645;90.91;341.19;1581.65
734;4648;90.87;341.31;1581.6
735;4651;90.86;341.43;1581.56
736;4654;90.88;341.55;1581.51
737;4657;90.89;341.67;1581.47
738;4660;90.87;341.8;1581.42
739;4663;90.89;341.92;1581.37
740;4668;90.89;342.12;1581.3
741;4671;90.91;342.54;1581.25
742;4674;90.89;342.97;1581.2
743;4677;90.9;343.39;1581.16
744;4680;90.88;343.81;1581.11
745;4683;90.83;344.24;1581.06
746;4686;90.85;344.66;1581.02
747;4689;90.87;345.09;1580.97
748;4692;90.85;345.51;1580.93
749;4697.1;90.65;346.23;1580.86
750;4704;90.5;346.85;1580.79
751;4707;90.54;347.12;1580.77
752;4710;90.55;347.4;1580.74
753;4713;90.55;347.67;1580.71
754;4716;90.51;347.94;1580.68
755;4719;90.59;348.21;1580.65
756;4722;90.55;348.48;1580.62
757;4726.1;90.3;348.85;1580.59
758;4730;90.09;349.18;1580.58
759;4733;90.04;349.43;1580.58
760;4736;90.08;349.68;1580.57
761;4739;90.06;349.93;1580.57
762;4742;90.02;350.18;1580.57
763;4745;90;350.43;1580.57
764;4748;90.03;350.69;1580.57
765;4751;90.06;350.94;1580.56
766;4755.2;89.95;351.29;1580.56
767;4762;90.05;351.86;1580.56
768;4765;89.99;352.1;1580.56
769;4771;90.02;352.6;1580.56
770;4777;90.02;353.1;1580.56
771;4780;90.28;353.35;1580.55
772;4784.3;90.63;353.71;1580.52
773;4788;90.99;353.73;1580.46
774;4791;91.07;353.74;1580.41
775;4794;91.06;353.76;1580.36
776;4797;91.02;353.77;1580.3
777;4800;91.1;353.79;1580.25
778;4803;91.08;353.8;1580.19
779;4806;91.11;353.81;1580.13
780;4809;91.06;353.83;1580.07
781;4813.3;91.12;353.85;1579.99
782;4817;91.02;353.86;1579.92
783;4820;90.63;353.87;1579.88
784;4823;90.25;353.87;1579.86
785;4826;90;353.88;1579.85
786;4829;89.97;353.89;1579.85
787;4832;89.94;353.89;1579.85
788;4835;89.93;353.9;1579.86
789;4838;89.95;353.91;1579.86
790;4842.4;90.04;353.92;1579.86
791;4846;89.97;354.05;1579.86
792;4849;89.94;354.16;1579.86
793;4852;89.93;354.28;1579.87
794;4855;89.95;354.39;1579.87
795;4858;89.95;354.5;1579.87
796;4861;89.97;354.61;1579.87
797;4864;89.99;354.72;1579.87
798;4867;89.96;354.83;1579.88
799;4871.5;89.92;355;1579.88
800;4875;90.01;355.01;1579.88
801;4878;90.25;355.03;1579.88
802;4881;90.45;355.04;1579.86
803;4884;90.62;355.05;1579.83
804;4887;90.92;355.07;1579.79
805;4890;91.06;355.08;1579.74
806;4893;91.34;355.09;1579.67
807;4896;91.64;355.1;1579.6
808;4899.6;91.9;355.12;1579.49
809;4903;91.95;355.16;1579.37
810;4906;91.96;355.2;1579.27
811;4909;91.83;355.23;1579.17
812;4912;91.4;355.27;1579.09
813;4915;90.99;355.31;1579.02
814;4918;90.57;355.34;1578.98
815;4921;90.19;355.38;1578.96
816;4924;89.95;355.42;1578.96
817;4929.2;89.97;355.48;1578.96
818;4933;89.93;355.39;1578.97
819;4936;89.95;355.33;1578.97
820;4939;89.96;355.26;1578.97
821;4945;90;355.13;1578.97
822;4948;89.95;355.06;1578.97
823;4951;89.97;354.99;1578.98
824;4954;89.97;354.92;1578.98
825;4958.6;89.99;354.82;1578.98
826;4962;90;354.78;1578.98
827;4965;89.94;354.74;1578.98
828;4968;90;354.7;1578.98
829;4974;89.93;354.63;1578.99
830;4977;89.97;354.59;1578.99
831;4980;89.94;354.55;1578.99
832;4983;89.97;354.52;1578.99
833;4987.6;90.07;354.46;1578.99
834;4991;90.32;354.45;1578.98
835;4994;90.32;354.44;1578.96
836;4997;90.32;354.43;1578.95
837;5003;90.34;354.41;1578.91
838;5006;90.33;354.4;1578.9
839;5009;90.38;354.39;1578.88
840;5016.7;90.31;354.37;1578.83
841;5020;90.32;354.48;1578.81
842;5023;90.32;354.58;1578.8
843;5026;90.31;354.67;1578.78
844;5035;90.32;354.97;1578.73
845;5038;90.34;355.06;1578.71
846;5043.7;90.37;355.25;1578.68
847;5047;90.32;355.2;1578.66
848;5050;90.3;355.16;1578.64
849;5053;90.37;355.11;1578.62
850;5056;90.3;355.07;1578.61
851;5059;90.33;355.02;1578.59
852;5062;90.33;354.98;1578.57
853;5065;90.31;354.93;1578.56
854;5068;90.29;354.89;1578.54
855;5073.7;90.35;354.8;1578.51
856;5077;90.36;354.9;1578.49
857;5080;90.36;354.98;1578.47
858;5083;90.3;355.07;1578.45
859;5086;90.29;355.16;1578.44
860;5089;90.33;355.24;1578.42
861;5092;90.31;355.33;1578.4
862;5095;90.36;355.42;1578.38
863;5098;90.32;355.5;1578.37
864;5103.7;90.34;355.67;1578.33
865;5107;90.29;355.83;1578.32
866;5110;90.38;355.97;1578.3
867;5113;90.35;356.11;1578.28
868;5119;90.3;356.39;1578.25
869;5122;90.34;356.53;1578.23
870;5125;90.32;356.67;1578.21
871;5128;90.36;356.81;1578.19
872;5132.8;90.68;357.04;1578.15
873;5136;90.69;357.01;1578.11
874;5139;90.7;356.97;1578.08
875;5142;90.69;356.94;1578.04
876;5145;90.72;356.91;1578
877;5148;90.72;356.88;1577.96
878;5151;90.7;356.85;1577.93
879;5154;90.71;356.81;1577.89
880;5157;90.71;356.78;1577.85
881;5161.8;90.68;356.73;1577.79
882;5165;90.71;356.68;1577.76
883;5168;90.67;356.63;1577.72
884;5171;90.72;356.59;1577.68
885;5174;90.68;356.54;1577.65
886;5178;90.72;356.48;1577.6
887;5180;90.43;356.45;1577.58
888;5183;90.03;356.4;1577.57
889;5186;90;356.36;1577.57
890;5190.9;89.77;356.28;1577.58
891;5194;89.74;356.31;1577.59
892;5197;89.6;356.34;1577.61
893;5200;89.62;356.37;1577.63
894;5203;89.67;356.4;1577.64
895;5206;89.61;356.43;1577.66
896;5209;89.59;356.45;1577.68
897;5212;89.64;356.48;1577.7
898;5215;89.61;356.51;1577.72
899;5220;89.6;356.56;1577.76
900;5223;89.65;356.57;1577.78
901;5226;89.58;356.58;1577.8
902;5229;89.59;356.59;1577.82
903;5232;89.61;356.6;1577.84
904;5235;89.63;356.61;1577.86
905;5238;89.64;356.62;1577.88
906;5241;89.6;356.63;1577.9
907;5244;89.61;356.64;1577.92
908;5249;89.59;356.66;1577.96
909;5252;89.62;356.49;1577.98
910;5255;89.9;356.32;1577.99
911;5258;90.05;356.14;1577.99
912;5261;90.1;355.97;1577.99
913;5264;90.16;355.8;1577.98
914;5267;90.14;355.63;1577.97
915;5270;90.15;355.45;1577.96
916;5273;90.19;355.28;1577.96
917;5277.4;90.18;355.03;1577.94
918;5281;90.16;355;1577.93
919;5284;90.11;354.98;1577.92
920;5287;90.12;354.96;1577.92
921;5290;90.16;354.94;1577.91
922;5293;90.15;354.91;1577.9
923;5296;90.14;354.89;1577.89
924;5299;90.09;354.87;1577.89
925;5302;90.12;354.85;1577.88
926;5307;90.11;354.81;1577.87
927;5310;90.14;355.19;1577.87
928;5313;90.13;355.57;1577.86
929;5316;90.15;355.95;1577.85
930;5322;90.17;356.7;1577.83
931;5325;90.18;357.08;1577.83
932;5328;90.12;357.46;1577.82
933;5331;90.15;357.84;1577.81
934;5335.9;90.16;358.46;1577.8
935;5339;90.17;358.89;1577.79
936;5342;90.11;359.31;1577.78
937;5345;90.14;-0.27;1577.77
938;5348;90.13;0.15;1577.77
939;5351;90.16;0.57;1577.76
940;5354;90.24;0.99;1577.75
941;5357;90.16;1.41;1577.74
942;5360;90.21;1.83;1577.73
943;5364.9;89.97;2.52;1577.72
944;5368;89.94;2.63;1577.72
945;5371;90;2.74;1577.73
946;5374;90.07;2.84;1577.72
947;5380;90.04;3.06;1577.72
948;5386;90;3.27;1577.72
949;5389;90.01;3.38;1577.72
950;5393.8;90.02;3.55;1577.71
951;5397;90.02;3.51;1577.71
952;5400;89.99;3.48;1577.71
953;5403;89.98;3.45;1577.71
954;5406;90;3.42;1577.71
955;5409;90.01;3.38;1577.71
956;5412;90.02;3.35;1577.71
957;5415;90.11;3.32;1577.71
958;5418;90.18;3.28;1577.7
959;5422.8;90.13;3.23;1577.69
960;5426;90.16;3.34;1577.68
961;5429;90.21;3.44;1577.67
962;5432;90.19;3.54;1577.66
963;5435;90.18;3.64;1577.65
964;5438;90.15;3.74;1577.64
965;5441;90.15;3.85;1577.63
966;5447;90.17;4.05;1577.62
967;5451.8;90.05;4.21;1577.61
968;5455;90.02;4.24;1577.61
969;5458;89.98;4.27;1577.61
970;5461;89.99;4.3;1577.61
971;5464;89.96;4.32;1577.61
972;5467;90.01;4.35;1577.61
973;5470;89.96;4.38;1577.61
974;5473;89.99;4.41;1577.61
975;5476;89.99;4.44;1577.61
976;5480.8;89.94;4.48;1577.62
977;5484;90.01;4.33;1577.62
978;5487;90;4.19;1577.62
979;5490;90;4.06;1577.62
980;5493;90.05;3.92;1577.62
981;5496;89.99;3.78;1577.61
982;5499;90.05;3.64;1577.61
983;5502;89.98;3.5;1577.61
984;5505;89.98;3.37;1577.61
985;5509.7;90.16;3.15;1577.61
986;5513;90.16;3.03;1577.6
987;5516;90.19;2.92;1577.59
988;5519;90.21;2.82;1577.58
989;5522;90.16;2.71;1577.57
990;5525;90.18;2.6;1577.56
991;5528;90.18;2.49;1577.55
992;5531;90.2;2.39;1577.54
993;5534;90.14;2.28;1577.53
994;5538.7;90.09;2.11;1577.52
995;5542;90.19;1.92;1577.51
996;5545;90.17;1.75;1577.51
997;5551;90.21;1.41;1577.49
998;5554;90.17;1.23;1577.48
999;5557;90.17;1.06;1577.47
1000;5560;90.13;0.89;1577.46
1001;5563;90.13;0.72;1577.45
1002;5567.7;90.12;0.45;1577.44
1003;5571;90.15;0.28;1577.43
1004;5574;90.19;0.12;1577.42
1005;5577;90.16;-0.04;1577.42
1006;5580;90.15;-0.2;1577.41
1007;5586;90.1;-0.52;1577.39
1008;5589;90.28;359.33;1577.38
1009;5592;90.33;359.17;1577.37
1010;5596.7;90.31;358.92;1577.34
1011;5600;90.33;358.83;1577.32
1012;5603;90.33;358.74;1577.31
1013;5606;90.32;358.66;1577.29
1014;5609;90.32;358.57;1577.27
1015;5612;90.31;358.49;1577.26
1016;5615;90.29;358.4;1577.24
1017;5618;90.31;358.32;1577.22
1018;5621;90.26;358.23;1577.21
1019;5625.7;90.14;358.1;1577.19
1020;5629;90.17;358.17;1577.18
1021;5635;90.15;358.29;1577.17
1022;5638;90.19;358.35;1577.16
1023;5641;90.13;358.41;1577.15
1024;5644;90.12;358.47;1577.14
1025;5647;90.13;358.53;1577.14
1026;5650;90.09;358.59;1577.13
1027;5653.7;90.11;358.67;1577.13
1028;5657;90.12;358.63;1577.12
1029;5660;90.16;358.58;1577.11
1030;5663;90.14;358.54;1577.1
1031;5666;90.13;358.5;1577.1
1032;5669;90.13;358.46;1577.09
1033;5672;90.16;358.42;1577.08
1034;5675;90.14;358.38;1577.07
1035;5678;90.13;358.34;1577.07
1036;5681;90.16;358.3;1577.06
1037;5684;90.14;358.14;1577.05
1038;5687;90.15;357.97;1577.04
1039;5690;90.17;357.81;1577.04
1040;5693;90.22;357.65;1577.03
1041;5696;90.16;357.49;1577.02
1042;5702;90.18;357.16;1577
1043;5705;90.15;357;1576.99
1044;5708.3;90.12;356.82;1576.98
1045;5712;90.14;356.61;1576.97
1046;5715;90.38;356.44;1576.96
1047;5718;90.5;356.27;1576.94
1048;5721;90.55;356.1;1576.91
1049;5724;90.52;355.93;1576.88
1050;5727;90.54;355.77;1576.85
1051;5730;90.52;355.6;1576.83
1052;5735.6;90.48;355.28;1576.78
1053;5739;90.58;355.12;1576.74
1054;5742;90.56;354.97;1576.72
1055;5745;90.56;354.83;1576.69
1056;5748;90.55;354.68;1576.66
1057;5751;90.5;354.54;1576.63
1058;5754;90.1;354.39;1576.61
1059;5757;90.02;354.25;1576.61
1060;5762.9;89.97;353.96;1576.61
1061;5766;90.01;354.06;1576.61
1062;5769;90;354.17;1576.61
1063;5772;89.99;354.27;1576.61
1064;5775;90.02;354.37;1576.61
1065;5778;89.99;354.47;1576.61
1066;5784;89.99;354.67;1576.61
1067;5787;90.05;354.77;1576.61
1068;5790.2;90.29;354.88;1576.6
1069;5794;90.54;355.01;1576.57
1070;5797;90.95;355.1;1576.53
1071;5800;91.03;355.2;1576.48
1072;5803;91.04;355.3;1576.43
1073;5806;91.03;355.4;1576.37
1074;5809;91.06;355.5;1576.32
1075;5812;91.03;355.6;1576.27
1076;5816.5;91.06;355.75;1576.18
1077;5820;90.95;355.73;1576.12
1078;5823;90.73;355.7;1576.08
1079;5826;90.28;355.68;1576.05
1080;5829;90.05;355.66;1576.04
1081;5832;89.9;355.64;1576.04
1082;5835;89.93;355.62;1576.05
1083;5838;89.92;355.6;1576.05
1084;5841;89.96;355.58;1576.06
1085;5844.8;90.04;355.55;1576.06
1086;5848;89.92;355.54;1576.06
1087;5851;89.93;355.53;1576.06
1088;5854;89.93;355.53;1576.06
1089;5857;89.95;355.52;1576.07
1090;5860;89.92;355.51;1576.07
1091;5863;90;355.5;1576.07
1092;5866;89.92;355.5;1576.07
1093;5869;89.93;355.49;1576.08
1094;5872.1;90.01;355.48;1576.08
1095;5876;89.97;355.53;1576.08
1096;5885;89.81;355.65;1576.1
1097;5888;89.61;355.69;1576.11
1098;5891;89.6;355.73;1576.13
1099;5894;89.63;355.77;1576.15
1100;5899.4;89.56;355.84;1576.19
1101;5903;89.67;355.8;1576.22
1102;5906;89.74;355.76;1576.23
1103;5909;89.91;355.72;1576.24
1104;5912;90.04;355.69;1576.24
1105;5918;90.17;355.61;1576.23
1106;5921;90.13;355.58;1576.22
1107;5925.7;90.04;355.52;1576.22
1108;5929;90.16;355.77;1576.21
1109;5932;90.16;356;1576.2
1110;5935;90.2;356.23;1576.19
1111;5938;90.61;356.46;1576.17
1112;5941;91.02;356.69;1576.13
1113;5944;91.23;356.92;1576.07
1114;5947;91.3;357.15;1576
1115;5954;91.31;357.69;1575.84
1116;5957;90.85;357.6;1575.79
1117;5960;90.46;357.51;1575.75
1118;5963;90.53;357.43;1575.73
1119;5969;90.54;357.25;1575.67
1120;5972;90.33;357.16;1575.65
1121;5978;90.23;356.99;1575.62
1122;5981.3;90.19;356.89;1575.61
1123;5985;90.34;356.68;1575.59
1124;5988;90.33;356.51;1575.57
1125;5991;90.33;356.34;1575.56
1126;5997;90.16;356;1575.53
1127;6008.6;89.81;355.34;1575.53
1128;6024;89.95;355.25;1575.57
1129;6027;90.01;355.23;1575.57
1130;6030;90.05;355.22;1575.57
1131;6033;90.01;355.2;1575.56
1132;6036;89.95;355.18;1575.56
1133;6039;90.03;355.48;1575.57
1134;6042;90;355.78;1575.56
1135;6045;89.97;356.09;1575.57
1136;6048;89.95;356.39;1575.57
1137;6051;89.98;356.69;1575.57
1138;6054;89.98;356.99;1575.57
1139;6057;89.99;357.3;1575.57
1140;6060;90.24;357.6;1575.56
1141;6063.2;90.49;357.92;1575.54
1142;6067;90.65;358.19;1575.51
1143;6070;90.75;358.41;1575.47
1144;6073;90.79;358.63;1575.43
1145;6076;90.62;358.84;1575.39
1146;6079;90.69;359.06;1575.36
1147;6082;90.69;359.28;1575.32
1148;6085;90.74;-0.51;1575.28
1149;6090.5;90.76;-0.11;1575.21
1150;6094;90.78;0.18;1575.17
1151;6097;90.75;0.42;1575.13
1152;6100;90.71;0.67;1575.09
1153;6103;90.7;0.92;1575.05
1154;6106;90.77;1.16;1575.01
1155;6109;90.37;1.41;1574.98
1156;6112;90.22;1.65;1574.97
1157;6117.8;90.15;2.13;1574.95
1158;6121;90.19;2.45;1574.94
1159;6124;90.18;2.75;1574.93
1160;6127;90.08;3.05;1574.92
1161;6130;90.14;3.35;1574.92
1162;6133;90.2;3.65;1574.91
1163;6136;90.19;3.95;1574.9
1164;6139;90.14;4.25;1574.89
1165;6142;90.19;4.55;1574.88
1166;6145.1;90.24;4.86;1574.87
1167;6149;90.19;4.98;1574.85
1168;6152;90.13;5.07;1574.85
1169;6155;89.81;5.16;1574.85
1170;6158;89.75;5.25;1574.86
1171;6161;89.65;5.34;1574.87
1172;6164;89.62;5.43;1574.89
1173;6167;89.62;5.53;1574.91
1174;6172.4;89.64;5.69;1574.95
1175;6176;89.94;5.68;1574.96
1176;6179;89.97;5.66;1574.96
1177;6182;89.98;5.65;1574.96
1178;6194;89.97;5.6;1574.97
1179;6199.7;90.01;5.58;1574.97
1180;6203;89.99;5.49;1574.97
1181;6206;89.95;5.41;1574.97
1182;6209;89.93;5.32;1574.98
1183;6212;89.96;5.24;1574.98
1184;6215;89.83;5.16;1574.98
1185;6218;89.72;5.08;1575
1186;6221;89.93;4.99;1575.01
1187;6224;89.94;4.91;1575.01
1188;6227;89.96;4.83;1575.01
1189;6230;89.97;4.61;1575.01
1190;6233;90.04;4.39;1575.01
1191;6236;90.16;4.17;1575.01
1192;6239;90.19;3.95;1575
1193;6242;90.18;3.73;1574.99
1194;6245;90.2;3.5;1574.98
1195;6248;90.2;3.28;1574.97
1196;6251;90.12;3.06;1574.96
1197;6254.3;90.16;2.82;1574.95
1198;6258;90.21;2.46;1574.94
1199;6261;90.15;2.17;1574.93
1200;6264;90.17;1.88;1574.92
1201;6267;90.14;1.59;1574.91
1202;6270;90.18;1.3;1574.91
1203;6273;90.17;1.01;1574.9
1204;6276;90.18;0.72;1574.89
1205;6281.6;90.17;0.18;1574.87
1206;6285;90.18;-0.12;1574.86
1207;6288;90.19;-0.38;1574.85
1208;6291;90.26;359.36;1574.84
1209;6294;90.21;359.09;1574.83
1210;6297;90.06;358.83;1574.82
1211;6300;90.17;358.57;1574.81
1212;6303;90.16;358.31;1574.8
1213;6308.9;90.17;357.79;1574.79
1214;6312;90.04;357.53;1574.78
1215;6315;90.13;357.28;1574.78
1216;6318;89.95;357.02;1574.78
1217;6321;89.89;356.77;1574.78
1218;6324;90.13;356.52;1574.78
1219;6327;90.15;356.27;1574.77
1220;6330;90.25;356.01;1574.76
1221;6333;90.17;355.76;1574.75
1222;6336.1;90.07;355.5;1574.74
1223;6340;90.22;355.38;1574.73
1224;6343;90.2;355.28;1574.72
1225;6346;90.16;355.18;1574.71
1226;6349;90.18;355.09;1574.7
1227;6352;90.19;354.99;1574.69
1228;6355;90.12;354.9;1574.69
1229;6358;90.15;354.8;1574.68
1230;6363.4;90.3;354.63;1574.66
1231;6367;90.36;354.74;1574.64
1232;6370;90.36;354.83;1574.62
1233;6373;90.37;354.92;1574.6
1234;6376;90.35;355.01;1574.58
1235;6379;90.35;355.1;1574.56
1236;6385;90.37;355.29;1574.52
1237;6390.7;90.29;355.46;1574.49
1238;6394;90.41;355.52;1574.47
1239;6397;90.38;355.58;1574.45
1240;6403;90.31;355.69;1574.41
1241;6406;90.37;355.75;1574.4
1242;6409;90.35;355.8;1574.38
1243;6412;90.42;355.86;1574.36
1244;6415;90.31;355.91;1574.34
1245;6418;90.29;355.97;1574.32
1246;6421;90.34;355.71;1574.31
1247;6424;90.36;355.44;1574.29
1248;6427;90.36;355.18;1574.27
1249;6430;90.37;354.91;1574.25
1250;6433;90.39;354.65;1574.23
1251;6439;90.16;354.12;1574.2
1252;6442;90.21;353.85;1574.19
1253;6445.3;90.09;353.56;1574.18
1254;6449;90.15;353.24;1574.18
1255;6452;90.15;352.99;1574.17
1256;6455;90.14;352.73;1574.16
1257;6458;90.17;352.48;1574.15
1258;6461;90.17;352.22;1574.14
1259;6464;90.12;351.96;1574.14
1260;6467;90.2;351.71;1574.13
1261;6472.6;90.18;351.23;1574.11
1262;6476;90.12;350.91;1574.1
1263;6479;90.01;350.63;1574.1
1264;6488;90.05;349.77;1574.09
1265;6491;90;349.49;1574.09
1266;6494;89.99;349.21;1574.09
1267;6499.9;90.02;348.65;1574.09
1268;6503;89.92;348.39;1574.09
1269;6506;89.94;348.15;1574.1
1270;6512;89.94;347.65;1574.1
1271;6515;90.01;347.41;1574.1
1272;6518;89.86;347.16;1574.11
1273;6521;89.92;346.91;1574.11
1274;6524;90;346.66;1574.11
1275;6527.2;90.02;346.4;1574.11
1276;6531;89.88;346.02;1574.12
1277;6534;90.07;345.71;1574.12
1278;6537;90.03;345.41;1574.12
1279;6540;89.77;345.11;1574.12
1280;6543;89.9;344.8;1574.13
1281;6546;89.89;344.5;1574.14
1282;6549;89.92;344.2;1574.14
1283;6554.5;89.51;343.64;1574.17
1284;6558;89.83;343.33;1574.19
1285;6561;90.02;343.06;1574.19
1286;6564;90.13;342.79;1574.19
1287;6567;90.13;342.52;1574.18
1288;6570;90.12;342.25;1574.17
1289;6573;90.07;341.99;1574.17
1290;6581.8;90.11;341.2;1574.16
1291;6585;90.14;340.88;1574.15
1292;6588;90.12;340.58;1574.14
1293;6591;90.19;340.27;1574.13
1294;6594;90.1;339.97;1574.13
1295;6597;90.12;339.67;1574.12
1296;6600;90.12;339.37;1574.11
1297;6606;90.16;338.76;1574.1
1298;6609.1;90.16;338.45;1574.09
1299;6613;90.14;338.21;1574.08
1300;6616;90.11;338.03;1574.07
1301;6622;90.05;337.66;1574.07
1302;6625;90.11;337.48;1574.06
1303;6628;90.2;337.29;1574.05
1304;6631;90.17;337.11;1574.04
1305;6636.4;90.15;336.78;1574.03
1306;6640;90.16;336.39;1574.02
1307;6643;90.18;336.06;1574.01
1308;6646;90.19;335.73;1574
1309;6649;90.19;335.4;1573.99
1310;6652;90.16;335.08;1573.98
1311;6655;90.21;334.75;1573.97
1312;6658;90.36;334.42;1573.96
1313;6663.7;90.38;333.8;1573.92
1314;6667;90.5;333.61;1573.89
1315;6670;90.38;333.44;1573.87
1316;6673;90.37;333.27;1573.85
1317;6676;90.31;333.09;1573.83
1318;6679;90.33;332.92;1573.82
1319;6682;90.51;332.75;1573.79
1320;6685;90.77;332.58;1573.76
1321;6690.9;90.86;332.24;1573.68
1322;6694;91.02;332.09;1573.63
1323;6697;91;331.95;1573.57
1324;6700;91.11;331.81;1573.52
1325;6703;91.24;331.67;1573.46
1326;6706;91.21;331.53;1573.39
1327;6709;91.03;331.39;1573.33
1328;6712;91.1;331.25;1573.28
1329;6715;91.01;331.11;1573.22
1330;6718.2;90.74;330.96;1573.17
1331;6731;90.61;330.17;1573.02
1332;6734;90.4;329.98;1573
1333;6740;90.38;329.61;1572.96
1334;6745.3;90.46;329.28;1572.92
1335;6752;90.17;328.52;1572.88
1336;6755;90.36;328.18;1572.87
1337;6761;90.45;327.49;1572.82
1338;6764;90.08;327.15;1572.81
1339;6767;89.49;326.81;1572.82
1340;6772.6;89.25;326.17;1572.88
1341;6776;89.3;325.61;1572.93
1342;6779;89.22;325.11;1572.97
1343;6785;89.56;324.12;1573.03
1344;6794;89.6;322.63;1573.09
1345;6799.9;89.94;321.65;1573.12
1346;6806;89.92;321.19;1573.13
1347;6809;89.9;320.97;1573.13
1348;6812;90.06;320.74;1573.13
1349;6815;90.16;320.52;1573.13
1350;6818;89.95;320.29;1573.12
1351;6821;89.95;320.07;1573.13
1352;6824;89.93;319.84;1573.13
1353;6827.2;90.18;319.6;1573.13
1354;6831;90.46;319.25;1573.1
1355;6834;90.93;318.98;1573.07
1356;6837;91.03;318.71;1573.02
1357;6840;91.08;318.43;1572.96
1358;6843;91.09;318.16;1572.9
1359;6846;91.11;317.89;1572.85
1360;6854.5;91.05;317.11;1572.69
1361;6858;91.12;316.79;1572.62
1362;6861;91.03;316.51;1572.56
1363;6864;90.9;316.24;1572.51
1364;6873;89.98;315.42;1572.44
1365;6876;89.95;315.14;1572.45
1366;6881.7;89.96;314.62;1572.45
1367;6885;89.93;314.27;1572.45
1368;6888;89.98;313.95;1572.46
1369;6891;89.99;313.63;1572.46
1370;6894;89.99;313.31;1572.46
1371;6897;90;312.99;1572.46
1372;6900;89.97;312.67;1572.46
1373;6903;90.02;312.35;1572.46
1374;6906;89.95;312.03;1572.46
1375;6909;89.98;311.71;1572.46
1376;6912;89.91;311.54;1572.46
1377;6918;90;311.21;1572.47
1378;6921;90.03;311.05;1572.47
1379;6924;89.98;310.88;1572.47
1380;6927;89.96;310.71;1572.47
1381;6930;89.93;310.55;1572.47
1382;6933;89.97;310.38;1572.48
1383;6936.3;89.98;310.2;1572.48
1384;6940;90.16;310.18;1572.47
1385;6943;90.16;310.17;1572.46
1386;6946;90.19;310.16;1572.45
1387;6949;90.23;310.14;1572.44
1388;6952;90.24;310.13;1572.43
1389;6955;90.26;310.12;1572.42
1390;6958;90.2;310.1;1572.41
1391;6963.6;90.23;310.08;1572.39
1392;6967;90.17;310.17;1572.37
1393;6970;90.14;310.26;1572.37
1394;6973;90.13;310.34;1572.36
1395;6976;90.2;310.42;1572.35
1396;6979;90.4;310.5;1572.33
1397;6982;90.48;310.59;1572.31
1398;6990.9;90.48;310.83;1572.24
1399;6994;90.52;310.79;1572.21
1400;6997;90.49;310.75;1572.18
1401;7000;90.56;310.72;1572.16
1402;7006;90.56;310.64;1572.1
1403;7009;90.52;310.6;1572.07
1404;7012;90.49;310.57;1572.04
1405;7015;90.5;310.53;1572.02
1406;7018.2;90.49;310.49;1571.99
1407;7022;90.49;310.59;1571.96
1408;7025;90.59;310.66;1571.93
1409;7028;90.49;310.74;1571.9
1410;7031;90.49;310.81;1571.87
1411;7034;90;310.89;1571.86
1412;7037;89.96;310.97;1571.86
1413;7040;90;311.04;1571.86
1414;7045.5;89.94;311.18;1571.87
1415;7049;89.9;311.15;1571.87
1416;7052;89.92;311.13;1571.88
1417;7055;89.95;311.1;1571.88
1418;7058;89.94;311.07;1571.88
1419;7061;89.86;311.05;1571.89
1420;7064;89.75;311.02;1571.9
1421;7067;89.74;311;1571.91
1422;7072.8;89.75;310.95;1571.94
1423;7076;89.82;310.86;1571.95
1424;7079;89.57;310.78;1571.96
1425;7082;89.35;310.7;1571.99
1426;7085;89.34;310.62;1572.03
1427;7088;89.38;310.54;1572.06
1428;7091;89.39;310.46;1572.09
1429;7094;89.43;310.38;1572.12
1430;7097;89.65;310.3;1572.15
1431;7100;89.94;310.22;1572.16
1432;7103;89.96;310.06;1572.16
1433;7106;89.97;309.9;1572.16
1434;7109;89.98;309.74;1572.16
1435;7115;89.95;309.42;1572.17
1436;7118;89.95;309.26;1572.17
1437;7121;89.91;309.1;1572.17
1438;7127.3;89.91;308.77;1572.18
1439;7131;89.96;308.51;1572.19
1440;7134;89.94;308.31;1572.19
1441;7137;89.96;308.1;1572.19
1442;7140;89.95;307.89;1572.2
1443;7143;90.11;307.68;1572.19
1444;7146;90.26;307.48;1572.18
1445;7149;90.27;307.27;1572.17
1446;7154.6;90.37;306.88;1572.14
1447;7158;90.32;306.63;1572.12
1448;7161;90.38;306.41;1572.1
1449;7167;90.33;305.98;1572.06
1450;7170;90.31;305.76;1572.05
1451;7173;90.34;305.54;1572.03
1452;7176;90.22;305.32;1572.02
1453;7181.9;90.2;304.89;1571.99
1454;7185;90.17;304.73;1571.98
1455;7188;90.21;304.57;1571.97
1456;7194;90.2;304.25;1571.95
1457;7197;90.18;304.09;1571.94
1458;7200;90.17;303.94;1571.93
1459;7203;90.15;303.78;1571.92
1460;7206;90.15;303.62;1571.92
1461;7209.2;90.14;303.45;1571.91
1462;7213;90.22;303.55;1571.9
1463;7216;90.19;303.63;1571.89
1464;7219;90.16;303.7;1571.88
1465;7222;90.18;303.78;1571.87
1466;7228;90.17;303.94;1571.85
1467;7231;90.16;304.02;1571.84
1468;7236.5;90.09;304.16;1571.83
1469;7240;90.18;304.11;1571.82
1470;7246;90.18;304.02;1571.8
1471;7249;90.15;303.97;1571.79
1472;7252;90.16;303.93;1571.79
1473;7255;90.36;303.88;1571.77
1474;7258;90.42;303.84;1571.75
1475;7263.8;90.31;303.75;1571.71
1476;7267;90.34;303.81;1571.7
1477;7270;90.31;303.87;1571.68
1478;7273;90.01;303.92;1571.67
1479;7279;89.99;304.03;1571.67
1480;7282;90.02;304.09;1571.67
1481;7285;90.01;304.15;1571.67
1482;7288;90.01;304.2;1571.67
1483;7291.1;89.99;304.26;1571.67
1484;7295;89.99;304.25;1571.67
1485;7298;90.01;304.25;1571.67
1486;7304;90.02;304.24;1571.67
1487;7307;89.99;304.23;1571.67
1488;7310;90;304.23;1571.67
1489;7313;90;304.22;1571.67
1490;7318.4;90.02;304.21;1571.67
1491;7322;90.01;304.28;1571.67
1492;7325;89.99;304.34;1571.67
1493;7328;89.95;304.4;1571.67
1494;7331;89.98;304.46;1571.67
1495;7334;89.95;304.52;1571.67
1496;7337;89.97;304.58;1571.67
1497;7340;90;304.64;1571.67
1498;7345.7;90.15;304.75;1571.67
1499;7349;90.13;304.81;1571.66
1500;7355;90.16;304.92;1571.64
1501;7358;90.16;304.97;1571.64
1502;7361;90.16;305.02;1571.63
1503;7364;90.13;305.08;1571.62
1504;7367;90.15;305.13;1571.61
1505;7370;90.2;305.19;1571.6
1506;7373;90.16;305.24;1571.59
1507;7376;90.1;305.16;1571.59
1508;7379;90.15;305.09;1571.58
1509;7382;90.13;305.01;1571.57
1510;7385;90.11;304.93;1571.57
1511;7388;90.09;304.86;1571.56
1512;7391;90.16;304.78;1571.55
1513;7394;90.17;304.7;1571.55
1514;7400.3;90.22;304.54;1571.52
1515;7404;90.21;304.48;1571.51
1516;7407;90.2;304.43;1571.5
1517;7410;90.16;304.38;1571.49
1518;7413;90.22;304.33;1571.48
1519;7416;90.19;304.28;1571.47
1520;7419;90.23;304.23;1571.46
1521;7422;90.2;304.18;1571.45
1522;7425.3;90.13;304.12;1571.44
1523;7429;90.13;304.12;1571.43
1524;7432;90.12;304.12;1571.42
1525;7435;90.15;304.12;1571.42
1526;7438;90.23;304.12;1571.41
1527;7441;90.22;304.13;1571.39
1528;7444;90.18;304.13;1571.38
1529;7447;90.14;304.13;1571.38
1530;7452.8;90.06;304.13;1571.37
1531;7459;90.04;304.18;1571.36
1532;7462;90.03;304.2;1571.36
1533;7468;89.85;304.25;1571.36
1534;7471;89.84;304.27;1571.37
1535;7474;89.81;304.29;1571.38
1536;7477;89.82;304.32;1571.39
1537;7480;89.9;304.34;1571.4
1538;7483;89.85;304.36;1571.41
1539;7486;89.85;304.38;1571.41
1540;7489;89.82;304.41;1571.42
1541;7492;89.87;304.43;1571.43
1542;7495;89.8;304.45;1571.44
1543;7501.1;89.71;304.5;1571.46
1544;7505;89.79;304.57;1571.48
1545;7508.4;89.69;304.63;1571.5
1546;7512;89.84;304.68;1571.51
1547;7515;89.81;304.72;1571.52
1548;7518;89.77;304.76;1571.53
1549;7521;89.84;304.8;1571.54
1550;7524;89.82;304.84;1571.55
1551;7527;89.94;304.88;1571.56
1552;7530;89.99;304.91;1571.56
1553;7535.7;89.85;304.99;1571.57
1554;7539;90.03;304.96;1571.57
1555;7542;90.01;304.94;1571.57
1556;7545;90.03;304.91;1571.57
1557;7548;90;304.88;1571.57
1558;7554;90.07;304.83;1571.56
1559;7557;90.13;304.81;1571.56
1560;7562.2;90.04;304.76;1571.55
1561;7566;90.08;304.7;1571.55
1562;7569;90.07;304.64;1571.54
1563;7572;90.04;304.59;1571.54
1564;7578;89.96;304.49;1571.54
1565;7581;89.95;304.44;1571.54
1566;7584;89.95;304.39;1571.55
1567;7587;89.91;304.34;1571.55
1568;7590.3;89.9;304.28;1571.55
1569;7594;90.01;304.36;1571.56
1570;7597;89.98;304.43;1571.56
1571;7600;89.99;304.5;1571.56
1572;7603;90.03;304.56;1571.56
1573;7606;89.99;304.63;1571.56
1574;7609;90.15;304.7;1571.55
1575;7612;90.17;304.76;1571.55
1576;7617.6;90.1;304.89;1571.53
1577;7621;90.18;304.92;1571.52
1578;7624;90.19;304.95;1571.51
1579;7627;90.15;304.97;1571.51
1580;7630;90.15;305;1571.5
1581;7633;90.19;305.03;1571.49
1582;7636;90.2;305.05;1571.48
1583;7639;90.17;305.08;1571.47
1584;7644.9;90.02;305.13;1571.46
1585;7648;90.11;305.09;1571.46
1586;7663;90.11;304.9;1571.43
1587;7666;90.1;304.87;1571.42
1588;7669;89.94;304.83;1571.42
1589;7672.2;90.04;304.79;1571.42
1590;7676;90.06;304.8;1571.42
1591;7679;89.92;304.81;1571.42
1592;7682;89.93;304.83;1571.42
1593;7685;90.03;304.84;1571.42
1594;7688;89.94;304.85;1571.42
1595;7691;89.92;304.86;1571.43
1596;7694;89.9;304.87;1571.43
1597;7699.5;89.97;304.89;1571.44
1598;7703;89.99;304.94;1571.44
1599;7706;89.98;304.99;1571.44
1600;7709;89.89;305.03;1571.44
1601;7712;89.92;305.07;1571.45
1602;7715;89.87;305.12;1571.45
1603;7718;89.98;305.16;1571.46
1604;7721;89.86;305.21;1571.46
1605;7726.8;89.84;305.29;1571.48
1606;7730;89.92;305.33;1571.48
1607;7733;89.98;305.36;1571.49
1608;7736;89.94;305.4;1571.49
1609;7739;90.03;305.44;1571.49
1610;7742;89.91;305.47;1571.49
1611;7745;90.04;305.51;1571.49
1612;7748;89.93;305.55;1571.49
1613;7751;89.93;305.58;1571.5
1614;7754.1;89.94;305.62;1571.5
1615;7758;90.01;305.72;1571.5
1616;7761;90.1;305.79;1571.5
1617;7764;89.96;305.87;1571.5
1618;7767;89.97;305.94;1571.5
1619;7770;89.9;306.02;1571.5
1620;7773;89.95;306.09;1571.51
1621;7776;89.95;306.17;1571.51
1622;7781.3;89.81;306.3;1571.52
1623;7791;89.84;306.28;1571.55
1624;7794;90.09;306.28;1571.55
1625;7797;90.14;306.27;1571.55
1626;7800;90.21;306.27;1571.54
1627;7803;90.1;306.26;1571.53
1628;7808.7;90.06;306.25;1571.52
1629;7815;89.99;306.12;1571.52
1630;7818;89.92;306.06;1571.52
1631;7821;89.9;306;1571.52
1632;7824;89.82;305.94;1571.53
1633;7827;89.83;305.88;1571.54
1634;7830;90.04;305.81;1571.54
1635;7833;89.84;305.75;1571.55
1636;7836.1;90.11;305.69;1571.55
1637;7840;89.92;305.82;1571.55
1638;7843;89.58;305.93;1571.56
1639;7846;89.82;306.03;1571.58
1640;7849;89.93;306.13;1571.58
1641;7852;89.99;306.23;1571.59
1642;7855;90.13;306.33;1571.58
1643;7858;90.1;306.44;1571.58
1644;7863.4;90.1;306.62;1571.57
1645;7867;90.28;306.6;1571.56
1646;7870;90.09;306.58;1571.55
1647;7873;90.09;306.56;1571.54
1648;7876;90.13;306.54;1571.53
1649;7879;90.23;306.52;1571.53
1650;7882;89.95;306.5;1571.52
1651;7891;90.27;306.44;1571.5
1652;7894;90.31;306.42;1571.49
1653;7897;90.28;306.4;1571.47
1654;7900;90.24;306.38;1571.46
1655;7906;90.22;306.34;1571.44
1656;7909;90.18;306.32;1571.42
1657;7912;89.79;306.3;1571.43
1658;7915;89.57;306.28;1571.44
1659;7918;89.75;306.26;1571.46
1660;7921;89.88;306.43;1571.47
1661;7924;90.22;306.6;1571.47
1662;7927;90.28;306.77;1571.45
1663;7930;90.34;306.94;1571.44
1664;7933;90.51;307.11;1571.42
1665;7936;90.34;307.28;1571.39
1666;7939;90.65;307.45;1571.37
1667;7942;90.28;307.62;1571.34
1668;7945.3;90.34;307.81;1571.33
1669;7949;90.29;307.87;1571.3
1670;7952;90.21;307.91;1571.29
1671;7955;90.23;307.95;1571.28
1672;7958;90.26;308;1571.27
1673;7961;90.23;308.04;1571.25
1674;7964;90.29;308.09;1571.24
1675;7967;90.63;308.13;1571.22
1676;7972.8;89.93;308.22;1571.19
1677;7976;90.08;308.26;1571.19
1678;7979;89.97;308.29;1571.19
1679;7982;89.99;308.33;1571.19
1680;7985;89.96;308.36;1571.19
1681;7988;89.96;308.4;1571.19
1682;7991;89.96;308.43;1571.19
1683;7994;89.95;308.47;1571.2
1684;7997;89.96;308.5;1571.2
1685;8001.1;89.88;308.55;1571.2
1686;8005;89.94;308.55;1571.21
1687;8008;89.94;308.55;1571.21
1688;8013;89.94;308.55;1571.22
